idx,rate
0,8
1,7
2,7
3,8
4,6
5,9
6,10
7,7
8,8
9,8
10,8
11,8
12,7
13,8
14,8
15,8
16,10
17,8
18,8
19,7
20,10
21,8
22,10
23,10
24,9
25,10
26,10
27,9
28,9
29,10
30,9
31,10
32,9
33,10
34,8
35,7
36,7
37,8
38,8
39,8
40,7
41,7
42,7
43,5
44,8
45,5
46,7
47,7
48,7
49,7
50,6
51,6
52,6
53,8
54,6
55,8
56,8
57,6
58,7
59,6
60,7
61,6
62,6
63,6
64,7
65,6
66,5
67,4
68,5
69,4
70,5
71,6
72,6
73,6
74,4
75,5
76,6
77,5
78,4
79,9
80,8
81,5
82,4
83,4
84,5
85,8
86,5
87,6
88,4
89,6
90,8
91,7
92,7
93,6
94,3
95,7
96,7
97,7
98,8
99,7
100,6
101,4
102,3
103,4
104,6
105,3
106,7
107,5
108,6
109,6
110,5
111,6
112,5
113,6
114,5
115,7
116,7
117,6
118,6
119,6
120,4
121,5
122,7
123,8
124,6
125,7
126,10
127,10
128,10
129,8
130,5
131,6
132,7
133,5
134,6
135,6
136,6
137,5
138,7
139,8
140,6
141,7
142,7
143,5
144,8
145,7
146,7
147,6
148,7
149,5
150,8
151,8
152,7
153,5
154,8
155,8
156,6
157,8
158,7
159,7
160,7
161,7
162,6
163,6
164,5
165,5
166,6
167,5
168,5
169,6
170,5
171,6
172,5
173,6
174,7
175,6
176,6
177,9
178,8
179,9
180,7
181,8
182,8
183,8
184,8
185,8
186,6
187,7
188,7
189,8
190,6
191,5
192,8
193,7
194,8
195,7
196,7
197,8
198,9
199,8
200,10
201,9
202,8
203,8
204,8
205,8
206,8
207,7
208,6
209,6
210,6
211,5
212,7
213,6
214,5
215,6
216,6
217,7
218,7
219,6
220,7
221,6
222,6
223,5
224,5
225,6
226,6
227,6
228,6
229,7
230,6
231,7
232,7
233,8
234,8
235,9
236,9
237,9
238,5
239,6
240,7
241,7
242,9
243,4
244,6
245,6
246,6
247,5
248,7
249,5
250,7
251,6
252,9
253,10
254,6
255,5
256,7
257,5
258,6
259,7
260,4
261,7
262,3
263,4
264,9
265,6
266,8
267,9
268,10
269,8
270,9
271,9
272,8
273,10
274,9
275,10
276,7
277,10
278,9
279,7
280,10
281,10
282,10
283,8
284,10
285,9
286,9
287,10
288,9
289,10
290,10
291,8
292,8
293,8
294,8
295,7
296,7
297,6
298,7
299,7
300,5
301,7
302,7
303,7
304,8
305,6
306,7
307,9
308,6
309,6
310,7
311,7
312,5
313,6
314,8
315,7
316,7
317,6
318,8
319,6
320,7
321,8
322,7
323,7
324,8
325,8
326,7
327,5
328,7
329,7
330,7
331,6
332,8
333,8
334,8
335,5
336,8
337,8
338,6
339,10
340,8
341,10
342,8
343,9
344,8
345,10
346,10
347,7
348,7
349,7
350,7
351,7
352,7
353,8
354,7
355,6
356,5
357,6
358,6
359,6
360,7
361,6
362,6
363,5
364,7
365,5
366,7
367,8
368,9
369,9
370,10
371,9
372,10
373,10
374,9
375,7
376,7
377,8
378,10
379,7
380,6
381,7
382,5
383,8
384,8
385,10
386,8
387,10
388,6
389,7
390,7
391,9
392,10
393,8
394,1
395,2
396,8
397,8
398,8
399,7
400,8
401,6
402,7
403,7
404,6
405,5
406,7
407,6
408,7
409,5
410,5
411,3
412,4
413,6
414,3
415,4
416,4
417,5
418,4
419,6
420,8
421,8
422,9
423,8
424,9
425,9
426,9
427,4
428,5
429,10
430,9
431,8
432,8
433,7
434,6
435,9
436,8
437,9
438,7
439,9
440,9
441,9
442,7
443,8
444,7
445,7
446,7
447,5
448,5
449,8
450,8
451,8
452,6
453,8
454,8
455,6
456,8
457,8
458,7
459,7
460,8
461,9
462,10
463,8
464,9
465,9
466,7
467,8
468,7
469,8
470,10
471,10
472,6
473,7
474,6
475,8
476,9
477,6
478,8
479,9
480,7
481,5
482,4
483,8
484,6
485,6
486,6
487,6
488,8
489,7
490,8
491,6
492,8
493,8
494,7
495,7
496,7
497,7
498,6
499,7
500,5
501,6
502,7
503,7
504,7
505,6
506,7
507,4
508,6
509,7
510,6
511,5
512,7
513,7
514,6
515,6
516,6
517,5
518,8
519,6
520,6
521,5
522,5
523,6
524,7
525,6
526,4
527,4
528,3
529,5
530,7
531,6
532,10
533,10
534,9
535,9
536,8
537,7
538,8
539,7
540,7
541,8
542,8
543,8
544,7
545,8
546,10
547,9
548,9
549,9
550,10
551,8
552,8
553,8
554,8
555,6
556,8
557,8
558,6
559,6
560,6
561,5
562,5
563,10
564,10
565,9
566,9
567,7
568,8
569,8
570,7
571,6
572,7
573,7
574,10
575,9
576,7
577,7
578,8
579,7
580,7
581,7
582,7
583,9
584,6
585,8
586,6
587,9
588,8
589,7
590,10
591,10
592,10
593,8
594,8
595,6
596,6
597,8
598,7
599,6
600,7
601,7
602,8
603,8
604,7
605,6
606,6
607,7
608,6
609,4
610,5
611,4
612,5
613,6
614,8
615,6
616,7
617,8
618,9
619,5
620,1
621,8
622,9
623,7
624,9
625,8
626,8
627,8
628,7
629,5
630,9
631,7
632,8
633,7
634,8
635,6
636,8
637,8
638,5
639,6
640,6
641,6
642,7
643,7
644,9
645,5
646,5
647,4
648,3
649,5
650,5
651,5
652,6
653,6
654,8
655,7
656,4
657,5
658,6
659,7
660,5
661,5
662,6
663,7
664,7
665,6
666,7
667,8
668,5
669,4
670,9
671,9
672,5
673,6
674,6
675,6
676,5
677,8
678,8
679,6
680,7
681,6
682,7
683,7
684,6
685,5
686,6
687,5
688,6
689,6
690,5
691,4
692,5
693,5
694,6
695,5
696,6
697,6
698,7
699,8
700,7
701,4
702,7
703,6
704,7
705,8
706,8
707,8
708,7
709,5
710,7
711,9
712,9
713,9
714,6
715,8
716,8
717,9
718,10
719,7
720,6
721,7
722,6
723,7
724,8
725,9
726,7
727,7
728,5
729,7
730,6
731,7
732,6
733,7
734,6
735,4
736,6
737,8
738,8
739,9
740,8
741,9
742,6
743,5
744,6
745,8
746,7
747,4
748,3
749,7
750,8
751,8
752,7
753,7
754,6
755,5
756,8
757,7
758,8
759,9
760,8
761,7
762,9
763,8
764,7
765,8
766,7
767,7
768,6
769,6
770,7
771,7
772,7
773,6
774,8
775,8
776,6
777,7
778,8
779,7
780,5
781,7
782,7
783,8
784,7
785,8
786,7
787,7
788,7
789,5
790,6
791,8
792,7
793,7
794,6
795,8
796,9
797,6
798,3
799,5
800,3
801,7
802,7
803,2
804,10
805,9
806,6
807,6
808,6
809,4
810,5
811,4
812,7
813,5
814,5
815,7
816,4
817,6
818,6
819,6
820,7
821,4
822,2
823,6
824,5
825,8
826,8
827,9
828,10
829,8
830,5
831,7
832,6
833,8
834,8
835,7
836,8
837,8
838,8
839,9
840,8
841,7
842,6
843,7
844,9
845,8
846,9
847,9
848,10
849,9
850,8
851,7
852,7
853,8
854,9
855,7
856,8
857,9
858,7
859,9
860,8
861,7
862,9
863,8
864,4
865,7
866,8
867,9
868,8
869,7
870,9
871,7
872,8
873,8
874,7
875,6
876,7
877,7
878,7
879,6
880,6
881,8
882,6
883,8
884,6
885,6
886,8
887,8
888,9
889,7
890,7
891,7
892,7
893,7
894,9
895,8
896,8
897,7
898,7
899,9
900,8
901,5
902,9
903,7
904,8
905,5
906,8
907,9
908,7
909,8
910,8
911,9
912,6
913,6
914,7
915,9
916,8
917,9
918,8
919,6
920,8
921,8
922,8
923,8
924,7
925,7
926,9
927,8
928,7
929,8
930,9
931,7
932,5
933,7
934,6
935,8
936,5
937,8
938,5
939,5
940,4
941,5
942,6
943,7
944,7
945,8
946,6
947,8
948,8
949,6
950,7
951,9
952,7
953,8
954,8
955,8
956,7
957,7
958,9
959,9
960,9
961,5
962,7
963,7
964,9
965,7
966,8
967,7
968,7
969,6
970,7
971,6
972,7
973,7
974,8
975,9
976,9
977,9
978,8
979,8
980,5
981,5
982,6
983,6
984,3
985,6
986,5
987,5
988,5
989,5
990,3
991,3
992,6
993,5
994,5
995,4
996,4
997,6
998,4
999,5
1000,4
1001,4
1002,5
1003,4
1004,5
1005,8
1006,7
1007,8
1008,5
1009,4
1010,6
1011,5
1012,7
1013,7
1014,10
1015,10
1016,7
1017,8
1018,7
1019,7
1020,7
1021,7
1022,8
1023,8
1024,7
1025,8
1026,8
1027,8
1028,6
1029,8
1030,5
1031,7
1032,7
1033,4
1034,7
1035,8
1036,8
1037,9
1038,7
1039,9
1040,7
1041,7
1042,8
1043,8
1044,6
1045,5
1046,7
1047,8
1048,8
1049,9
1050,9
1051,8
1052,9
1053,6
1054,6
1055,6
1056,7
1057,7
1058,6
1059,5
1060,8
1061,7
1062,7
1063,7
1064,8
1065,7
1066,6
1067,8
1068,7
1069,5
1070,7
1071,8
1072,5
1073,6
1074,6
1075,6
1076,6
1077,6
1078,9
1079,7
1080,7
1081,7
1082,7
1083,6
1084,8
1085,6
1086,5
1087,8
1088,8
1089,8
1090,8
1091,10
1092,8
1093,5
1094,6
1095,6
1096,5
1097,7
1098,10
1099,9
1100,8
1101,7
1102,6
1103,6
1104,6
1105,6
1106,7
1107,6
1108,10
1109,9
1110,9
1111,8
1112,7
1113,7
1114,9
1115,8
1116,7
1117,7
1118,7
1119,9
1120,7
1121,6
1122,8
1123,7
1124,6
1125,7
1126,7
1127,6
1128,6
1129,7
1130,7
1131,7
1132,8
1133,8
1134,8
1135,6
1136,7
1137,7
1138,7
1139,6
1140,8
1141,7
1142,5
1143,8
1144,8
1145,8
1146,9
1147,5
1148,7
1149,5
1150,5
1151,5
1152,5
1153,6
1154,5
1155,8
1156,7
1157,7
1158,8
1159,8
1160,7
1161,9
1162,7
1163,8
1164,6
1165,8
1166,7
1167,7
1168,7
1169,8
1170,7
1171,7
1172,7
1173,7
1174,8
1175,4
1176,8
1177,7
1178,7
1179,7
1180,7
1181,6
1182,6
1183,5
1184,6
1185,7
1186,8
1187,7
1188,7
1189,7
1190,7
1191,6
1192,9
1193,7
1194,6
1195,7
1196,6
1197,8
1198,8
1199,10
1200,9
1201,7
1202,8
1203,8
1204,2
1205,6
1206,5
1207,5
1208,4
1209,5
1210,4
1211,5
1212,5
1213,6
1214,4
1215,7
1216,6
1217,6
1218,6
1219,6
1220,7
1221,5
1222,7
1223,8
1224,6
1225,9
1226,8
1227,9
1228,9
1229,4
1230,5
1231,8
1232,7
1233,7
1234,6
1235,7
1236,7
1237,6
1238,6
1239,4
1240,5
1241,5
1242,5
1243,1
1244,5
1245,5
1246,6
1247,9
1248,9
1249,10
1250,5
1251,7
1252,6
1253,8
1254,8
1255,7
1256,6
1257,5
1258,8
1259,7
1260,5
1261,6
1262,7
1263,6
1264,7
1265,7
1266,6
1267,7
1268,7
1269,7
1270,6
1271,5
1272,7
1273,7
1274,7
1275,7
1276,8
1277,7
1278,5
1279,6
1280,9
1281,8
1282,8
1283,8
1284,7
1285,7
1286,10
1287,10
1288,8
1289,7
1290,8
1291,9
1292,9
1293,6
1294,7
1295,7
1296,7
1297,7
1298,10
1299,9
1300,9
1301,9
1302,8
1303,9
1304,9
1305,7
1306,7
1307,8
1308,7
1309,6
1310,5
1311,4
1312,6
1313,8
1314,9
1315,7
1316,7
1317,6
1318,7
1319,6
1320,7
1321,7
1322,7
1323,7
1324,7
1325,6
1326,7
1327,8
1328,8
1329,7
1330,7
1331,9
1332,10
1333,7
1334,4
1335,8
1336,7
1337,6
1338,8
1339,7
1340,6
1341,8
1342,7
1343,7
1344,7
1345,7
1346,8
1347,7
1348,6
1349,8
1350,7
1351,7
1352,6
1353,4
1354,7
1355,9
1356,9
1357,9
1358,6
1359,9
1360,7
1361,7
1362,4
1363,4
1364,9
1365,7
1366,8
1367,7
1368,6
1369,8
1370,7
1371,7
1372,6
1373,6
1374,8
1375,8
1376,8
1377,7
1378,9
1379,8
1380,8
1381,8
1382,8
1383,8
1384,6
1385,7
1386,8
1387,8
1388,7
1389,9
1390,9
1391,9
1392,7
1393,8
1394,8
1395,6
1396,8
1397,7
1398,7
1399,7
1400,7
1401,5
1402,4
1403,5
1404,8
1405,7
1406,8
1407,7
1408,7
1409,5
1410,7
1411,9
1412,8
1413,6
1414,8
1415,8
1416,6
1417,6
1418,7
1419,7
1420,7
1421,6
1422,8
1423,9
1424,9
1425,7
1426,6
1427,8
1428,7
1429,8
1430,7
1431,8
1432,8
1433,8
1434,7
1435,8
1436,7
1437,8
1438,6
1439,6
1440,8
1441,8
1442,6
1443,7
1444,5
1445,6
1446,7
1447,8
1448,8
1449,8
1450,8
1451,7
1452,8
1453,4
1454,4
1455,10
1456,10
1457,6
1458,7
1459,9
1460,7
1461,7
1462,7
1463,7
1464,7
1465,6
1466,6
1467,7
1468,6
1469,5
1470,7
1471,5
1472,6
1473,7
1474,5
1475,6
1476,6
1477,8
1478,8
1479,9
1480,7
1481,6
1482,6
1483,7
1484,8
1485,9
1486,10
1487,8
1488,10
1489,5
1490,4
1491,8
1492,9
1493,9
1494,7
1495,9
1496,9
1497,10
1498,9
1499,5
1500,7
1501,8
1502,7
1503,7
1504,6
1505,8
1506,5
1507,7
1508,6
1509,5
1510,6
1511,5
1512,6
1513,6
1514,5
1515,7
1516,7
1517,8
1518,8
1519,7
1520,7
1521,6
1522,7
1523,8
1524,8
1525,8
1526,5
1527,8
1528,8
1529,7
1530,7
1531,9
1532,8
1533,8
1534,6
1535,8
1536,8
1537,8
1538,8
1539,8
1540,7
1541,5
1542,4
1543,7
1544,4
1545,6
1546,6
1547,6
1548,6
1549,7
1550,7
1551,5
1552,8
1553,7
1554,5
1555,6
1556,7
1557,6
1558,7
1559,8
1560,7
1561,5
1562,6
1563,6
1564,6
1565,4
1566,6
1567,7
1568,7
1569,4
1570,8
1571,6
1572,5
1573,8
1574,7
1575,6
1576,5
1577,7
1578,5
1579,7
1580,3
1581,6
1582,7
1583,7
1584,6
1585,6
1586,5
1587,5
1588,7
1589,8
1590,6
1591,8
1592,6
1593,5
1594,7
1595,6
1596,6
1597,6
1598,6
1599,7
1600,7
1601,7
1602,7
1603,4
1604,6
1605,3
1606,7
1607,7
1608,5
1609,3
1610,6
1611,5
1612,8
1613,7
1614,7
1615,9
1616,8
1617,6
1618,7
1619,7
1620,7
1621,8
1622,5
1623,8
1624,5
1625,4
1626,7
1627,6
1628,5
1629,6
1630,7
1631,8
1632,7
1633,7
1634,6
1635,7
1636,6
1637,6
1638,8
1639,9
1640,9
1641,9
1642,10
1643,10
1644,9
1645,8
1646,6
1647,6
1648,7
1649,8
1650,6
1651,9
1652,4
1653,6
1654,6
1655,6
1656,5
1657,8
1658,7
1659,5
1660,6
1661,5
1662,5
1663,7
1664,6
1665,7
1666,8
1667,8
1668,8
1669,8
1670,6
1671,8
1672,9
1673,10
1674,4
1675,4
1676,3
1677,7
1678,7
1679,8
1680,5
1681,8
1682,8
1683,6
1684,5
1685,7
1686,7
1687,4
1688,8
1689,7
1690,8
1691,4
1692,8
1693,5
1694,7
1695,6
1696,5
1697,6
1698,6
1699,7
1700,7
1701,7
1702,6
1703,7
1704,8
1705,6
1706,5
1707,7
1708,6
1709,6
1710,6
1711,5
1712,6
1713,6
1714,5
1715,6
1716,6
1717,7
1718,7
1719,6
1720,6
1721,5
1722,6
1723,5
1724,7
1725,5
1726,6
1727,7
1728,8
1729,7
1730,7
1731,7
1732,7
1733,8
1734,7
1735,6
1736,7
1737,5
1738,6
1739,4
1740,7
1741,9
1742,8
1743,8
1744,7
1745,2
1746,4
1747,8
1748,6
1749,7
1750,5
1751,8
1752,5
1753,7
1754,6
1755,7
1756,7
1757,6
1758,4
1759,8
1760,6
1761,8
1762,10
1763,10
1764,10
1765,5
1766,5
1767,5
1768,5
1769,5
1770,5
1771,5
1772,5
1773,4
1774,9
1775,8
1776,9
1777,8
1778,6
1779,6
1780,8
1781,8
1782,7
1783,6
1784,6
1785,8
1786,8
1787,9
1788,9
1789,8
1790,9
1791,9
1792,6
1793,6
1794,7
1795,7
1796,7
1797,6
1798,4
1799,6
1800,7
1801,6
1802,6
1803,5
1804,8
1805,7
1806,5
1807,8
1808,8
1809,7
1810,8
1811,8
1812,9
1813,9
1814,9
1815,8
1816,8
1817,8
1818,8
1819,8
1820,7
1821,7
1822,8
1823,9
1824,8
1825,9
1826,8
1827,7
1828,6
1829,8
1830,6
1831,7
1832,9
1833,4
1834,5
1835,6
1836,7
1837,6
1838,10
1839,10
1840,6
1841,9
1842,9
1843,7
1844,7
1845,8
1846,10
1847,10
1848,10
1849,10
1850,10
1851,10
1852,8
1853,10
1854,10
1855,9
1856,10
1857,9
1858,9
1859,10
1860,10
1861,10
1862,7
1863,6
1864,7
1865,8
1866,7
1867,6
1868,6
1869,4
1870,7
1871,6
1872,4
1873,6
1874,5
1875,4
1876,4
1877,6
1878,8
1879,7
1880,9
1881,10
1882,8
1883,8
1884,9
1885,9
1886,9
1887,9
1888,7
1889,7
1890,5
1891,6
1892,6
1893,7
1894,7
1895,7
1896,6
1897,7
1898,7
1899,7
1900,6
1901,7
1902,6
1903,8
1904,6
1905,5
1906,5
1907,3
1908,5
1909,7
1910,8
1911,6
1912,8
1913,8
1914,8
1915,8
1916,8
1917,7
1918,7
1919,3
1920,5
1921,4
1922,4
1923,6
1924,7
1925,4
1926,5
1927,5
1928,4
1929,6
1930,5
1931,4
1932,5
1933,5
1934,3
1935,5
1936,5
1937,6
1938,5
1939,4
1940,6
1941,6
1942,5
1943,6
1944,5
1945,7
1946,3
1947,4
1948,6
1949,6
1950,7
1951,7
1952,8
1953,7
1954,8
1955,8
1956,9
1957,8
1958,7
1959,6
1960,6
1961,8
1962,9
1963,7
1964,8
1965,10
1966,10
1967,6
1968,5
1969,5
1970,6
1971,7
1972,6
1973,8
1974,8
1975,7
1976,9
1977,6
1978,7
1979,7
1980,7
1981,8
1982,8
1983,8
1984,7
1985,8
1986,6
1987,7
1988,7
1989,6
1990,5
1991,7
1992,8
1993,8
1994,5
1995,9
1996,9
1997,8
1998,5
1999,9
2000,8
2001,8
2002,9
2003,8
2004,8
2005,9
2006,8
2007,5
2008,9
2009,9
2010,9
2011,7
2012,7
2013,9
2014,6
2015,8
2016,7
2017,6
2018,6
2019,6
2020,7
2021,10
2022,10
2023,9
2024,10
2025,9
2026,9
2027,8
2028,9
2029,8
2030,8
2031,8
2032,8
2033,8
2034,9
2035,7
2036,9
2037,8
2038,5
2039,8
2040,8
2041,6
2042,5
2043,6
2044,3
2045,9
2046,8
2047,9
2048,8
2049,8
2050,8
2051,8
2052,7
2053,8
2054,8
2055,9
2056,10
2057,4
2058,4
2059,6
2060,6
2061,6
2062,7
2063,8
2064,6
2065,6
2066,8
2067,7
2068,7
2069,7
2070,6
2071,9
2072,8
2073,8
2074,8
2075,9
2076,8
2077,7
2078,6
2079,7
2080,8
2081,8
2082,7
2083,8
2084,7
2085,8
2086,8
2087,9
2088,7
2089,8
2090,8
2091,8
2092,7
2093,7
2094,7
2095,7
2096,7
2097,7
2098,5
2099,7
2100,4
2101,7
2102,7
2103,7
2104,5
2105,7
2106,7
2107,8
2108,7
2109,7
2110,6
2111,8
2112,7
2113,9
2114,9
2115,9
2116,6
2117,7
2118,6
2119,7
2120,7
2121,5
2122,4
2123,8
2124,5
2125,4
2126,5
2127,6
2128,7
2129,5
2130,6
2131,6
2132,6
2133,7
2134,5
2135,5
2136,6
2137,5
2138,4
2139,7
2140,6
2141,6
2142,6
2143,6
2144,8
2145,6
2146,6
2147,7
2148,7
2149,7
2150,7
2151,7
2152,7
2153,7
2154,7
2155,9
2156,5
2157,8
2158,7
2159,6
2160,4
2161,1
2162,5
2163,5
2164,6
2165,4
2166,5
2167,7
2168,8
2169,5
2170,6
2171,7
2172,10
2173,9
2174,9
2175,9
2176,9
2177,7
2178,8
2179,7
2180,5
2181,8
2182,7
2183,6
2184,6
2185,8
2186,3
2187,6
2188,8
2189,6
2190,8
2191,7
2192,8
2193,6
2194,8
2195,7
2196,7
2197,6
2198,7
2199,7
2200,8
2201,6
2202,6
2203,6
2204,6
2205,5
2206,6
2207,5
2208,5
2209,6
2210,5
2211,6
2212,7
2213,7
2214,7
2215,7
2216,7
2217,5
2218,7
2219,8
2220,7
2221,9
2222,7
2223,8
2224,7
2225,7
2226,7
2227,6
2228,7
2229,5
2230,7
2231,7
2232,8
2233,8
2234,8
2235,8
2236,9
2237,7
2238,8
2239,8
2240,8
2241,8
2242,7
2243,9
2244,6
2245,7
2246,8
2247,8
2248,8
2249,7
2250,8
2251,9
2252,5
2253,7
2254,7
2255,7
2256,5
2257,6
2258,6
2259,8
2260,9
2261,8
2262,8
2263,7
2264,8
2265,8
2266,7
2267,9
2268,8
2269,7
2270,9
2271,6
2272,8
2273,6
2274,6
2275,9
2276,8
2277,8
2278,10
2279,9
2280,9
2281,9
2282,3
2283,5
2284,6
2285,9
2286,6
2287,9
2288,8
2289,8
2290,7
2291,9
2292,8
2293,7
2294,8
2295,9
2296,6
2297,9
2298,8
2299,7
2300,8
2301,7
2302,6
2303,8
2304,2
2305,7
2306,6
2307,6
2308,4
2309,6
2310,6
2311,8
2312,6
2313,6
2314,6
2315,5
2316,10
2317,8
2318,7
2319,5
2320,5
2321,6
2322,8
2323,7
2324,8
2325,7
2326,8
2327,7
2328,6
2329,7
2330,7
2331,8
2332,6
2333,5
2334,6
2335,7
2336,6
2337,7
2338,8
2339,8
2340,8
2341,9
2342,7
2343,6
2344,5
2345,6
2346,5
2347,8
2348,8
2349,8
2350,7
2351,6
2352,5
2353,3
2354,6
2355,5
2356,3
2357,6
2358,6
2359,6
2360,8
2361,8
2362,7
2363,7
2364,4
2365,6
2366,8
2367,7
2368,8
2369,6
2370,10
2371,9
2372,9
2373,7
2374,7
2375,5
2376,6
2377,9
2378,8
2379,9
2380,6
2381,7
2382,6
2383,4
2384,7
2385,5
2386,5
2387,8
2388,7
2389,7
2390,7
2391,6
2392,7
2393,6
2394,6
2395,6
2396,6
2397,4
2398,6
2399,7
2400,5
2401,5
2402,2
2403,5
2404,4
2405,5
2406,3
2407,2
2408,8
2409,9
2410,7
2411,8
2412,6
2413,5
2414,7
2415,7
2416,6
2417,9
2418,7
2419,10
2420,6
2421,6
2422,4
2423,6
2424,6
2425,7
2426,7
2427,7
2428,9
2429,7
2430,8
2431,6
2432,8
2433,8
2434,6
2435,9
2436,9
2437,8
2438,5
2439,6
2440,5
2441,6
2442,5
2443,8
2444,7
2445,8
2446,3
2447,8
2448,9
2449,6
2450,7
2451,8
2452,7
2453,7
2454,8
2455,7
2456,8
2457,3
2458,8
2459,8
2460,7
2461,8
2462,5
2463,7
2464,7
2465,8
2466,7
2467,8
2468,7
2469,3
2470,9
2471,6
2472,7
2473,8
2474,6
2475,8
2476,8
2477,8
2478,7
2479,8
2480,8
2481,7
2482,8
2483,8
2484,8
2485,8
2486,7
2487,8
2488,8
2489,7
2490,7
2491,5
2492,7
2493,7
2494,7
2495,6
2496,7
2497,6
2498,5
2499,5
2500,8
2501,7
2502,5
2503,4
2504,3
2505,4
2506,6
2507,4
2508,4
2509,4
2510,9
2511,9
2512,9
2513,8
2514,5
2515,7
2516,6
2517,6
2518,3
2519,8
2520,7
2521,6
2522,6
2523,8
2524,9
2525,8
2526,8
2527,8
2528,7
2529,7
2530,7
2531,5
2532,2
2533,4
2534,8
2535,5
2536,7
2537,7
2538,8
2539,6
2540,5
2541,8
2542,7
2543,7
2544,8
2545,9
2546,9
2547,8
2548,8
2549,8
2550,7
2551,7
2552,6
2553,7
2554,7
2555,7
2556,6
2557,7
2558,6
2559,5
2560,7
2561,8
2562,5
2563,7
2564,7
2565,6
2566,5
2567,7
2568,8
2569,7
2570,6
2571,7
2572,8
2573,7
2574,7
2575,6
2576,6
2577,8
2578,5
2579,7
2580,7
2581,8
2582,7
2583,6
2584,7
2585,7
2586,7
2587,8
2588,8
2589,7
2590,7
2591,7
2592,7
2593,6
2594,7
2595,7
2596,8
2597,6
2598,8
2599,8
2600,9
2601,7
2602,6
2603,8
2604,9
2605,9
2606,9
2607,8
2608,8
2609,6
2610,9
2611,9
2612,9
2613,8
2614,7
2615,9
2616,9
2617,6
2618,7
2619,8
2620,8
2621,8
2622,8
2623,8
2624,8
2625,7
2626,4
2627,6
2628,5
2629,4
2630,5
2631,7
2632,8
2633,7
2634,8
2635,8
2636,8
2637,3
2638,6
2639,6
2640,7
2641,8
2642,8
2643,6
2644,7
2645,7
2646,8
2647,7
2648,7
2649,7
2650,8
2651,6
2652,7
2653,7
2654,8
2655,7
2656,8
2657,7
2658,8
2659,6
2660,7
2661,7
2662,6
2663,7
2664,5
2665,9
2666,9
2667,8
2668,9
2669,8
2670,8
2671,8
2672,8
2673,8
2674,7
2675,8
2676,6
2677,8
2678,8
2679,7
2680,8
2681,7
2682,7
2683,5
2684,6
2685,6
2686,9
2687,7
2688,9
2689,7
2690,7
2691,8
2692,9
2693,8
2694,7
2695,8
2696,6
2697,5
2698,7
2699,6
2700,6
2701,3
2702,7
2703,8
2704,7
2705,6
2706,5
2707,10
2708,10
2709,10
2710,7
2711,5
2712,6
2713,4
2714,8
2715,7
2716,8
2717,4
2718,8
2719,6
2720,4
2721,6
2722,4
2723,6
2724,6
2725,5
2726,5
2727,5
2728,6
2729,4
2730,4
2731,8
2732,8
2733,7
2734,6
2735,7
2736,5
2737,6
2738,5
2739,8
2740,5
2741,8
2742,10
2743,8
2744,8
2745,5
2746,9
2747,9
2748,7
2749,8
2750,7
2751,8
2752,6
2753,7
2754,8
2755,7
2756,6
2757,7
2758,6
2759,7
2760,8
2761,7
2762,10
2763,10
2764,9
2765,10
2766,10
2767,9
2768,6
2769,6
2770,6
2771,7
2772,6
2773,7
2774,6
2775,6
2776,7
2777,6
2778,7
2779,8
2780,7
2781,5
2782,8
2783,7
2784,8
2785,7
2786,4
2787,5
2788,7
2789,7
2790,5
2791,7
2792,7
2793,6
2794,7
2795,7
2796,6
2797,6
2798,6
2799,6
2800,6
2801,4
2802,6
2803,7
2804,5
2805,7
2806,5
2807,6
2808,6
2809,5
2810,4
2811,6
2812,7
2813,8
2814,7
2815,8
2816,9
2817,5
2818,8
2819,4
2820,5
2821,7
2822,6
2823,3
2824,6
2825,6
2826,6
2827,7
2828,6
2829,4
2830,9
2831,10
2832,6
2833,7
2834,5
2835,7
2836,9
2837,7
2838,8
2839,7
2840,7
2841,8
2842,7
2843,6
2844,7
2845,9
2846,8
2847,9
2848,6
2849,8
2850,7
2851,7
2852,8
2853,8
2854,7
2855,6
2856,8
2857,5
2858,7
2859,8
2860,9
2861,6
2862,7
2863,7
2864,9
2865,8
2866,8
2867,8
2868,8
2869,9
2870,6
2871,7
2872,6
2873,8
2874,8
2875,7
2876,8
2877,7
2878,7
2879,6
2880,7
2881,7
2882,6
2883,7
2884,8
2885,7
2886,8
2887,7
2888,7
2889,6
2890,7
2891,6
2892,6
2893,5
2894,8
2895,7
2896,7
2897,7
2898,8
2899,8
2900,7
2901,7
2902,8
2903,9
2904,8
2905,9
2906,8
2907,9
2908,9
2909,7
2910,7
2911,7
2912,6
2913,8
2914,8
2915,8
2916,8
2917,7
2918,6
2919,7
2920,7
2921,6
2922,5
2923,6
2924,8
2925,4
2926,7
2927,7
2928,7
2929,8
2930,7
2931,6
2932,6
2933,7
2934,6
2935,7
2936,6
2937,7
2938,8
2939,7
2940,7
2941,7
2942,7
2943,7
2944,7
2945,7
2946,7
2947,7
2948,7
2949,7
2950,7
2951,8
2952,8
2953,7
2954,8
2955,8
2956,7
2957,7
2958,8
2959,5
2960,7
2961,6
2962,8
2963,8
2964,8
2965,7
2966,8
2967,8
2968,7
2969,6
2970,5
2971,6
2972,6
2973,7
2974,4
2975,5
2976,2
2977,6
2978,7
2979,7
2980,6
2981,7
2982,5
2983,7
2984,6
2985,7
2986,5
2987,7
2988,7
2989,7
2990,7
2991,7
2992,6
2993,7
2994,8
2995,8
2996,6
2997,7
2998,7
2999,7
3000,5
3001,6
3002,6
3003,9
3004,10
3005,8
3006,7
3007,7
3008,8
3009,6
3010,5
3011,7
3012,6
3013,6
3014,6
3015,7
3016,9
3017,8
3018,9
3019,9
3020,6
3021,7
3022,6
3023,7
3024,6
3025,6
3026,7
3027,6
3028,6
3029,5
3030,7
3031,6
3032,7
3033,6
3034,8
3035,6
3036,7
3037,9
3038,8
3039,6
3040,8
3041,7
3042,7
3043,8
3044,6
3045,7
3046,6
3047,6
3048,5
3049,7
3050,8
3051,8
3052,9
3053,8
3054,9
3055,7
3056,5
3057,6
3058,8
3059,8
3060,7
3061,10
3062,10
3063,6
3064,5
3065,5
3066,6
3067,5
3068,7
3069,5
3070,3
3071,6
3072,3
3073,4
3074,7
3075,5
3076,5
3077,6
3078,6
3079,5
3080,4
3081,6
3082,6
3083,4
3084,6
3085,6
3086,6
3087,4
3088,4
3089,5
3090,6
3091,5
3092,5
3093,5
3094,7
3095,6
3096,7
3097,6
3098,8
3099,8
3100,7
3101,6
3102,5
3103,7
3104,7
3105,6
3106,6
3107,5
3108,6
3109,7
3110,8
3111,7
3112,7
3113,7
3114,7
3115,6
3116,6
3117,8
3118,7
3119,7
3120,5
3121,6
3122,7
3123,8
3124,6
3125,6
3126,6
3127,6
3128,6
3129,6
3130,6
3131,6
3132,8
3133,6
3134,6
3135,7
3136,6
3137,5
3138,4
3139,7
3140,7
3141,7
3142,9
3143,5
3144,5
3145,6
3146,2
3147,5
3148,7
3149,7
3150,7
3151,6
3152,7
3153,7
3154,8
3155,9
3156,10
3157,6
3158,7
3159,8
3160,7
3161,7
3162,7
3163,8
3164,9
3165,7
3166,8
3167,4
3168,6
3169,8
3170,10
3171,9
3172,10
3173,7
3174,7
3175,8
3176,9
3177,6
3178,6
3179,8
3180,8
3181,6
3182,8
3183,7
3184,8
3185,8
3186,9
3187,8
3188,10
3189,6
3190,6
3191,7
3192,4
3193,6
3194,6
3195,7
3196,7
3197,7
3198,8
3199,8
3200,8
3201,9
3202,7
3203,6
3204,6
3205,5
3206,4
3207,7
3208,6
3209,6
3210,3
3211,7
3212,8
3213,6
3214,6
3215,9
3216,10
3217,6
3218,4
3219,4
3220,5
3221,6
3222,6
3223,7
3224,7
3225,5
3226,6
3227,7
3228,7
3229,6
3230,6
3231,8
3232,7
3233,6
3234,7
3235,7
3236,8
3237,7
3238,7
3239,6
3240,7
3241,7
3242,6
3243,8
3244,8
3245,4
3246,9
3247,8
3248,9
3249,9
3250,8
3251,7
3252,7
3253,7
3254,7
3255,6
3256,7
3257,8
3258,8
3259,9
3260,9
3261,7
3262,7
3263,7
3264,7
3265,7
3266,7
3267,8
3268,8
3269,9
3270,7
3271,8
3272,9
3273,8
3274,9
3275,9
3276,6
3277,4
3278,4
3279,5
3280,6
3281,4
3282,5
3283,7
3284,9
3285,6
3286,8
3287,5
3288,9
3289,9
3290,9
3291,8
3292,6
3293,5
3294,3
3295,8
3296,8
3297,7
3298,8
3299,8
3300,7
3301,8
3302,8
3303,4
3304,6
3305,6
3306,6
3307,4
3308,5
3309,4
3310,6
3311,4
3312,6
3313,5
3314,5
3315,2
3316,5
3317,5
3318,6
3319,6
3320,6
3321,5
3322,4
3323,6
3324,5
3325,5
3326,5
3327,6
3328,4
3329,5
3330,6
3331,6
3332,3
3333,6
3334,6
3335,6
3336,4
3337,6
3338,2
3339,6
3340,7
3341,5
3342,9
3343,8
3344,4
3345,5
3346,7
3347,5
3348,6
3349,7
3350,5
3351,6
3352,4
3353,4
3354,6
3355,5
3356,7
3357,6
3358,4
3359,5
3360,6
3361,4
3362,7
3363,6
3364,5
3365,8
3366,5
3367,6
3368,7
3369,6
3370,7
3371,7
3372,7
3373,7
3374,6
3375,5
3376,6
3377,6
3378,6
3379,5
3380,5
3381,5
3382,7
3383,7
3384,6
3385,4
3386,5
3387,3
3388,5
3389,6
3390,7
3391,5
3392,7
3393,3
3394,7
3395,5
3396,6
3397,6
3398,5
3399,6
3400,7
3401,7
3402,8
3403,8
3404,8
3405,7
3406,6
3407,9
3408,6
3409,8
3410,9
3411,7
3412,8
3413,5
3414,6
3415,8
3416,8
3417,9
3418,9
3419,8
3420,7
3421,8
3422,8
3423,8
3424,8
3425,7
3426,7
3427,9
3428,8
3429,8
3430,7
3431,7
3432,6
3433,4
3434,6
3435,4
3436,6
3437,4
3438,5
3439,6
3440,7
3441,4
3442,7
3443,5
3444,4
3445,5
3446,8
3447,9
3448,6
3449,5
3450,7
3451,8
3452,9
3453,5
3454,7
3455,4
3456,3
3457,5
3458,4
3459,5
3460,8
3461,8
3462,8
3463,7
3464,7
3465,8
3466,7
3467,6
3468,8
3469,6
3470,8
3471,6
3472,8
3473,6
3474,4
3475,7
3476,6
3477,5
3478,3
3479,5
3480,5
3481,5
3482,7
3483,7
3484,7
3485,8
3486,7
3487,8
3488,5
3489,6
3490,6
3491,5
3492,7
3493,7
3494,6
3495,6
3496,6
3497,6
3498,8
3499,5
3500,6
3501,8
3502,8
3503,5
3504,7
3505,3
3506,6
3507,6
3508,7
3509,6
3510,5
3511,7
3512,5
3513,3
3514,6
3515,6
3516,6
3517,4
3518,8
3519,7
3520,7
3521,8
3522,8
3523,7
3524,7
3525,9
3526,8
3527,8
3528,8
3529,9
3530,9
3531,9
3532,9
3533,9
3534,7
3535,6
3536,5
3537,8
3538,6
3539,8
3540,6
3541,8
3542,10
3543,8
3544,9
3545,10
3546,4
3547,7
3548,7
3549,10
3550,8
3551,7
3552,10
3553,7
3554,8
3555,8
3556,8
3557,7
3558,6
3559,7
3560,8
3561,9
3562,8
3563,9
3564,9
3565,9
3566,9
3567,9
3568,9
3569,8
3570,9
3571,5
3572,6
3573,8
3574,6
3575,5
3576,6
3577,4
3578,6
3579,4
3580,7
3581,5
3582,5
3583,3
3584,7
3585,6
3586,8
3587,9
3588,9
3589,9
3590,7
3591,8
3592,6
3593,4
3594,2
3595,5
3596,7
3597,8
3598,7
3599,8
3600,7
3601,7
3602,7
3603,6
3604,7
3605,9
3606,8
3607,7
3608,8
3609,8
3610,6
3611,8
3612,7
3613,8
3614,7
3615,6
3616,8
3617,8
3618,6
3619,8
3620,6
3621,5
3622,9
3623,7
3624,3
3625,6
3626,6
3627,6
3628,6
3629,5
3630,4
3631,3
3632,7
3633,7
3634,9
3635,9
3636,9
3637,7
3638,7
3639,7
3640,5
3641,7
3642,8
3643,9
3644,8
3645,10
3646,10
3647,10
3648,10
3649,10
3650,9
3651,8
3652,10
3653,10
3654,9
3655,8
3656,9
3657,10
3658,10
3659,7
3660,8
3661,7
3662,6
3663,7
3664,6
3665,8
3666,7
3667,6
3668,8
3669,9
3670,7
3671,7
3672,7
3673,7
3674,8
3675,8
3676,7
3677,5
3678,4
3679,4
3680,5
3681,3
3682,6
3683,7
3684,10
3685,9
3686,8
3687,10
3688,10
3689,10
3690,4
3691,5
3692,5
3693,8
3694,9
3695,9
3696,8
3697,7
3698,8
3699,8
3700,7
3701,7
3702,7
3703,8
3704,8
3705,9
3706,8
3707,7
3708,8
3709,7
3710,8
3711,9
3712,8
3713,9
3714,8
3715,9
3716,8
3717,6
3718,9
3719,8
3720,5
3721,2
3722,5
3723,4
3724,7
3725,5
3726,9
3727,10
3728,9
3729,9
3730,9
3731,9
3732,6
3733,8
3734,7
3735,9
3736,8
3737,8
3738,6
3739,7
3740,6
3741,5
3742,5
3743,5
3744,5
3745,5
3746,4
3747,6
3748,6
3749,6
3750,6
3751,6
3752,5
3753,6
3754,5
3755,6
3756,6
3757,5
3758,7
3759,7
3760,7
3761,8
3762,8
3763,8
3764,6
3765,9
3766,8
3767,7
3768,8
3769,7
3770,5
3771,7
3772,8
3773,10
3774,6
3775,4
3776,6
3777,6
3778,7
3779,6
3780,8
3781,7
3782,7
3783,8
3784,6
3785,6
3786,8
3787,7
3788,8
3789,6
3790,6
3791,7
3792,7
3793,5
3794,8
3795,4
3796,8
3797,7
3798,7
3799,7
3800,9
3801,9
3802,5
3803,7
3804,4
3805,6
3806,4
3807,6
3808,4
3809,6
3810,8
3811,7
3812,8
3813,5
3814,6
3815,7
3816,7
3817,8
3818,7
3819,7
3820,7
3821,7
3822,5
3823,7
3824,8
3825,6
3826,4
3827,5
3828,7
3829,8
3830,6
3831,6
3832,7
3833,6
3834,5
3835,7
3836,7
3837,7
3838,7
3839,7
3840,6
3841,8
3842,7
3843,8
3844,5
3845,7
3846,6
3847,8
3848,7
3849,7
3850,8
3851,8
3852,6
3853,7
3854,7
3855,6
3856,3
3857,7
3858,6
3859,6
3860,6
3861,4
3862,4
3863,4
3864,6
3865,7
3866,7
3867,8
3868,6
3869,7
3870,6
3871,5
3872,6
3873,7
3874,6
3875,5
3876,8
3877,8
3878,7
3879,9
3880,6
3881,9
3882,8
3883,5
3884,7
3885,5
3886,7
3887,6
3888,4
3889,6
3890,7
3891,7
3892,6
3893,3
3894,4
3895,2
3896,3
3897,9
3898,6
3899,6
3900,6
3901,7
3902,7
3903,8
3904,7
3905,9
3906,8
3907,7
3908,8
3909,7
3910,3
3911,4
3912,8
3913,9
3914,8
3915,7
3916,7
3917,6
3918,7
3919,7
3920,5
3921,5
3922,7
3923,9
3924,9
3925,6
3926,5
3927,5
3928,7
3929,7
3930,9
3931,5
3932,5
3933,5
3934,7
3935,6
3936,8
3937,8
3938,8
3939,7
3940,7
3941,6
3942,8
3943,7
3944,8
3945,7
3946,8
3947,7
3948,8
3949,8
3950,7
3951,6
3952,9
3953,5
3954,5
3955,8
3956,7
3957,7
3958,6
3959,7
3960,4
3961,7
3962,6
3963,8
3964,6
3965,8
3966,7
3967,9
3968,9
3969,7
3970,8
3971,8
3972,6
3973,6
3974,8
3975,7
3976,8
3977,7
3978,10
3979,9
3980,9
3981,3
3982,7
3983,6
3984,8
3985,8
3986,8
3987,10
3988,9
3989,7
3990,8
3991,9
3992,6
3993,7
3994,8
3995,8
3996,9
3997,10
3998,5
3999,4
4000,6
4001,8
4002,7
4003,8
4004,8
4005,9
4006,9
4007,9
4008,9
4009,8
4010,9
4011,8
4012,7
4013,6
4014,7
4015,7
4016,9
4017,8
4018,7
4019,9
4020,9
4021,7
4022,9
4023,7
4024,9
4025,8
4026,8
4027,6
4028,10
4029,10
4030,5
4031,5
4032,5
4033,7
4034,7
4035,6
4036,6
4037,6
4038,5
4039,6
4040,5
4041,3
4042,6
4043,5
4044,7
4045,5
4046,6
4047,6
4048,7
4049,5
4050,5
4051,6
4052,7
4053,7
4054,5
4055,4
4056,3
4057,4
4058,5
4059,5
4060,5
4061,7
4062,6
4063,6
4064,6
4065,7
4066,6
4067,8
4068,8
4069,8
4070,8
4071,8
4072,4
4073,5
4074,7
4075,5
4076,3
4077,6
4078,7
4079,6
4080,5
4081,5
4082,8
4083,8
4084,7
4085,7
4086,8
4087,6
4088,6
4089,7
4090,7
4091,6
4092,6
4093,9
4094,8
4095,9
4096,9
4097,7
4098,8
4099,10
4100,7
4101,8
4102,10
4103,8
4104,6
4105,5
4106,8
4107,7
4108,10
4109,10
4110,7
4111,7
4112,9
4113,9
4114,9
4115,9
4116,9
4117,9
4118,8
4119,4
4120,8
4121,9
4122,9
4123,8
4124,9
4125,7
4126,8
4127,8
4128,9
4129,9
4130,9
4131,6
4132,8
4133,8
4134,6
4135,9
4136,8
4137,7
4138,9
4139,9
4140,9
4141,7
4142,9
4143,10
4144,9
4145,9
4146,8
4147,8
4148,8
4149,8
4150,9
4151,9
4152,7
4153,7
4154,7
4155,9
4156,7
4157,8
4158,8
4159,6
4160,5
4161,7
4162,7
4163,9
4164,8
4165,8
4166,7
4167,5
4168,4
4169,6
4170,5
4171,4
4172,8
4173,9
4174,9
4175,8
4176,8
4177,8
4178,6
4179,5
4180,7
4181,8
4182,5
4183,7
4184,7
4185,7
4186,8
4187,7
4188,9
4189,8
4190,8
4191,8
4192,9
4193,9
4194,8
4195,8
4196,5
4197,8
4198,8
4199,9
4200,8
4201,5
4202,7
4203,9
4204,9
4205,10
4206,9
4207,9
4208,10
4209,9
4210,7
4211,9
4212,9
4213,5
4214,5
4215,7
4216,8
4217,8
4218,7
4219,8
4220,8
4221,8
4222,8
4223,6
4224,5
4225,6
4226,8
4227,6
4228,6
4229,5
4230,4
4231,7
4232,5
4233,7
4234,5
4235,7
4236,5
4237,6
4238,6
4239,4
4240,6
4241,8
4242,8
4243,8
4244,7
4245,8
4246,8
4247,7
4248,9
4249,6
4250,9
4251,6
4252,8
4253,6
4254,8
4255,4
4256,4
4257,10
4258,9
4259,5
4260,4
4261,4
4262,9
4263,10
4264,7
4265,6
4266,8
4267,8
4268,7
4269,8
4270,6
4271,9
4272,9
4273,9
4274,9
4275,9
4276,8
4277,10
4278,8
4279,7
4280,7
4281,8
4282,7
4283,8
4284,8
4285,8
4286,8
4287,8
4288,9
4289,9
4290,8
4291,10
4292,6
4293,9
4294,8
4295,9
4296,9
4297,9
4298,8
4299,8
4300,8
4301,9
4302,5
4303,4
4304,10
4305,9
4306,9
4307,7
4308,7
4309,5
4310,6
4311,7
4312,7
4313,8
4314,7
4315,7
4316,9
4317,8
4318,5
4319,9
4320,10
4321,7
4322,9
4323,10
4324,9
4325,10
4326,10
4327,10
4328,6
4329,6
4330,7
4331,8
4332,8
4333,6
4334,8
4335,7
4336,6
4337,6
4338,7
4339,9
4340,8
4341,7
4342,8
4343,6
4344,6
4345,9
4346,9
4347,8
4348,10
4349,9
4350,8
4351,8
4352,7
4353,10
4354,8
4355,7
4356,6
4357,5
4358,5
4359,6
4360,7
4361,9
4362,9
4363,9
4364,7
4365,10
4366,9
4367,9
4368,10
4369,9
4370,9
4371,9
4372,10
4373,7
4374,9
4375,8
4376,8
4377,7
4378,6
4379,7
4380,7
4381,7
4382,7
4383,8
4384,8
4385,8
4386,7
4387,6
4388,7
4389,8
4390,10
4391,10
4392,4
4393,4
4394,5
4395,6
4396,9
4397,8
4398,6
4399,6
4400,7
4401,9
4402,8
4403,10
4404,7
4405,10
4406,9
4407,10
4408,8
4409,6
4410,7
4411,5
4412,7
4413,7
4414,5
4415,6
4416,7
4417,4
4418,6
4419,6
4420,5
4421,7
4422,7
4423,9
4424,9
4425,8
4426,8
4427,8
4428,7
4429,8
4430,8
4431,9
4432,6
4433,8
4434,8
4435,7
4436,7
4437,7
4438,5
4439,6
4440,4
4441,8
4442,9
4443,7
4444,8
4445,9
4446,7
4447,7
4448,5
4449,8
4450,7
4451,8
4452,6
4453,5
4454,6
4455,5
4456,6
4457,7
4458,7
4459,6
4460,9
4461,9
4462,5
4463,7
4464,8
4465,6
4466,8
4467,8
4468,7
4469,7
4470,8
4471,6
4472,8
4473,7
4474,7
4475,9
4476,3
4477,7
4478,9
4479,7
4480,7
4481,8
4482,7
4483,6
4484,8
4485,8
4486,8
4487,7
4488,6
4489,6
4490,6
4491,9
4492,4
4493,8
4494,7
4495,6
4496,6
4497,6
4498,9
4499,8
4500,9
4501,6
4502,8
4503,7
4504,8
4505,6
4506,7
4507,9
4508,7
4509,9
4510,6
4511,6
4512,6
4513,8
4514,8
4515,3
4516,7
4517,7
4518,6
4519,7
4520,7
4521,6
4522,3
4523,6
4524,7
4525,9
4526,9
4527,9
4528,8
4529,9
4530,9
4531,9
4532,10
4533,10
4534,3
4535,5
4536,5
4537,8
4538,8
4539,8
4540,5
4541,7
4542,5
4543,5
4544,6
4545,6
4546,7
4547,7
4548,6
4549,7
4550,6
4551,6
4552,5
4553,6
4554,7
4555,7
4556,4
4557,7
4558,7
4559,5
4560,4
4561,6
4562,6
4563,6
4564,6
4565,4
4566,7
4567,7
4568,7
4569,6
4570,7
4571,4
4572,5
4573,6
4574,7
4575,5
4576,7
4577,5
4578,8
4579,6
4580,7
4581,7
4582,8
4583,8
4584,8
4585,7
4586,7
4587,7
4588,6
4589,8
4590,7
4591,7
4592,8
4593,5
4594,6
4595,7
4596,6
4597,8
4598,7
4599,6
4600,7
4601,8
4602,8
4603,7
4604,4
4605,6
4606,5
4607,6
4608,7
4609,7
4610,6
4611,8
4612,8
4613,7
4614,7
4615,6
4616,6
4617,8
4618,7
4619,7
4620,6
4621,6
4622,7
4623,7
4624,7
4625,7
4626,7
4627,6
4628,4
4629,7
4630,8
4631,7
4632,7
4633,8
4634,6
4635,8
4636,7
4637,6
4638,7
4639,8
4640,5
4641,7
4642,5
4643,5
4644,7
4645,4
4646,7
4647,7
4648,7
4649,6
4650,8
4651,7
4652,6
4653,8
4654,5
4655,9
4656,7
4657,7
4658,9
4659,8
4660,9
4661,8
4662,10
4663,9
4664,5
4665,4
4666,4
4667,9
4668,8
4669,8
4670,9
4671,9
4672,9
4673,8
4674,8
4675,9
4676,8
4677,9
4678,9
4679,9
4680,10
4681,9
4682,9
4683,8
4684,9
4685,6
4686,6
4687,6
4688,7
4689,6
4690,6
4691,5
4692,4
4693,7
4694,5
4695,7
4696,6
4697,5
4698,8
4699,6
4700,7
4701,6
4702,6
4703,6
4704,7
4705,7
4706,5
4707,7
4708,6
4709,7
4710,6
4711,6
4712,7
4713,7
4714,5
4715,7
4716,4
4717,6
4718,5
4719,5
4720,6
4721,7
4722,6
4723,5
4724,7
4725,6
4726,6
4727,8
4728,7
4729,7
4730,4
4731,3
4732,2
4733,3
4734,3
4735,3
4736,3
4737,5
4738,7
4739,6
4740,7
4741,4
4742,4
4743,6
4744,6
4745,6
4746,5
4747,4
4748,6
4749,3
4750,3
4751,1
4752,7
4753,8
4754,7
4755,7
4756,6
4757,6
4758,8
4759,8
4760,7
4761,7
4762,6
4763,5
4764,5
4765,8
4766,8
4767,9
4768,9
4769,8
4770,8
4771,7
4772,9
4773,9
4774,9
4775,9
4776,8
4777,6
4778,6
4779,8
4780,8
4781,9
4782,8
4783,8
4784,8
4785,6
4786,9
4787,8
4788,9
4789,5
4790,9
4791,7
4792,7
4793,9
4794,8
4795,8
4796,8
4797,7
4798,7
4799,8
4800,8
4801,7
4802,6
4803,6
4804,7
4805,6
4806,6
4807,7
4808,7
4809,5
4810,9
4811,9
4812,9
4813,9
4814,9
4815,10
4816,9
4817,7
4818,8
4819,7
4820,9
4821,9
4822,8
4823,9
4824,9
4825,6
4826,7
4827,5
4828,7
4829,6
4830,6
4831,6
4832,7
4833,6
4834,6
4835,9
4836,8
4837,7
4838,3
4839,6
4840,7
4841,8
4842,6
4843,7
4844,7
4845,7
4846,8
4847,7
4848,6
4849,7
4850,7
4851,6
4852,7
4853,7
4854,7
4855,7
4856,7
4857,6
4858,7
4859,8
4860,7
4861,7
4862,7
4863,5
4864,7
4865,5
4866,7
4867,7
4868,7
4869,7
4870,8
4871,7
4872,7
4873,7
4874,6
4875,7
4876,6
4877,6
4878,6
4879,7
4880,8
4881,5
4882,7
4883,7
4884,8
4885,8
4886,7
4887,9
4888,6
4889,9
4890,9
4891,8
4892,8
4893,6
4894,7
4895,8
4896,7
4897,8
4898,8
4899,7
4900,9
4901,6
4902,9
4903,9
4904,8
4905,9
4906,8
4907,8
4908,9
4909,9
4910,8
4911,8
4912,9
4913,8
4914,9
4915,3
4916,9
4917,7
4918,9
4919,8
4920,8
4921,8
4922,7
4923,8
4924,7
4925,7
4926,8
4927,10
4928,8
4929,6
4930,8
4931,6
4932,8
4933,9
4934,9
4935,8
4936,6
4937,7
4938,6
4939,8
4940,8
4941,7
4942,8
4943,8
4944,7
4945,8
4946,9
4947,5
4948,7
4949,8
4950,8
4951,9
4952,6
4953,8
4954,9
4955,8
4956,7
4957,8
4958,9
4959,10
4960,10
4961,8
4962,9
4963,9
4964,9
4965,9
4966,10
4967,9
4968,9
4969,9
4970,9
4971,9
4972,9
4973,8
4974,9
4975,10
4976,6
4977,5
4978,7
4979,8
4980,7
4981,9
4982,6
4983,7
4984,7
4985,7
4986,7
4987,8
4988,10
4989,10
4990,8
4991,10
4992,8
4993,7
4994,8
4995,9
4996,6
4997,8
4998,7
4999,7
5000,7
5001,7
5002,8
5003,4
5004,3
5005,7
5006,7
5007,7
5008,7
5009,7
5010,8
5011,9
5012,8
5013,10
5014,10
5015,6
5016,5
5017,6
5018,7
5019,7
5020,5
5021,5
5022,7
5023,7
5024,5
5025,5
5026,8
5027,6
5028,6
5029,6
5030,5
5031,8
5032,3
5033,6
5034,8
5035,8
5036,6
5037,4
5038,4
5039,7
5040,6
5041,6
5042,2
5043,6
5044,3
5045,7
5046,6
5047,7
5048,6
5049,6
5050,6
5051,6
5052,6
5053,5
5054,8
5055,6
5056,6
5057,6
5058,8
5059,8
5060,6
5061,7
5062,8
5063,7
5064,8
5065,9
5066,8
5067,8
5068,8
5069,7
5070,6
5071,8
5072,8
5073,8
5074,7
5075,7
5076,7
5077,7
5078,8
5079,7
5080,9
5081,8
5082,8
5083,7
5084,7
5085,8
5086,7
5087,7
5088,7
5089,8
5090,6
5091,7
5092,6
5093,7
5094,8
5095,8
5096,8
5097,9
5098,7
5099,6
5100,7
5101,7
5102,7
5103,7
5104,7
5105,7
5106,6
5107,8
5108,7
5109,7
5110,7
5111,8
5112,4
5113,6
5114,4
5115,5
5116,4
5117,6
5118,7
5119,8
5120,8
5121,7
5122,10
5123,7
5124,8
5125,6
5126,7
5127,9
5128,7
5129,7
5130,5
5131,7
5132,9
5133,8
5134,9
5135,7
5136,9
5137,9
5138,9
5139,9
5140,8
5141,10
5142,9
5143,9
5144,8
5145,8
5146,8
5147,8
5148,8
5149,8
5150,8
5151,5
5152,8
5153,7
5154,6
5155,8
5156,8
5157,6
5158,7
5159,7
5160,7
5161,6
5162,10
5163,9
5164,6
5165,7
5166,6
5167,5
5168,7
5169,5
5170,4
5171,8
5172,7
5173,8
5174,9
5175,8
5176,8
5177,8
5178,9
5179,8
5180,8
5181,9
5182,9
5183,8
5184,9
5185,10
5186,5
5187,6
5188,7
5189,7
5190,6
5191,7
5192,6
5193,6
5194,6
5195,6
5196,7
5197,7
5198,6
5199,6
5200,7
5201,8
5202,7
5203,6
5204,6
5205,3
5206,4
5207,9
5208,10
5209,5
5210,7
5211,7
5212,8
5213,7
5214,8
5215,8
5216,9
5217,8
5218,10
5219,9
5220,8
5221,7
5222,7
5223,8
5224,8
5225,9
5226,9
5227,8
5228,8
5229,8
5230,8
5231,7
5232,9
5233,8
5234,7
5235,7
5236,7
5237,7
5238,7
5239,7
5240,4
5241,6
5242,6
5243,7
5244,6
5245,7
5246,7
5247,7
5248,4
5249,6
5250,7
5251,7
5252,4
5253,7
5254,6
5255,7
5256,5
5257,7
5258,6
5259,8
5260,6
5261,6
5262,7
5263,7
5264,6
5265,7
5266,8
5267,7
5268,9
5269,6
5270,6
5271,8
5272,6
5273,4
5274,6
5275,6
5276,7
5277,6
5278,6
5279,7
5280,5
5281,5
5282,7
5283,6
5284,7
5285,7
5286,9
5287,8
5288,8
5289,7
5290,8
5291,7
5292,8
5293,8
5294,6
5295,8
5296,6
5297,8
5298,10
5299,10
5300,8
5301,10
5302,7
5303,8
5304,9
5305,9
5306,9
5307,8
5308,9
5309,7
5310,8
5311,8
5312,7
5313,6
5314,8
5315,9
5316,9
5317,7
5318,6
5319,7
5320,6
5321,8
5322,7
5323,4
5324,5
5325,5
5326,7
5327,5
5328,6
5329,8
5330,8
5331,7
5332,7
5333,7
5334,6
5335,8
5336,4
5337,6
5338,9
5339,10
5340,8
5341,5
5342,7
5343,5
5344,6
5345,6
5346,6
5347,3
5348,4
5349,8
5350,7
5351,6
5352,7
5353,8
5354,6
5355,8
5356,5
5357,6
5358,6
5359,5
5360,6
5361,7
5362,8
5363,7
5364,7
5365,8
5366,5
5367,6
5368,5
5369,7
5370,8
5371,5
5372,5
5373,6
5374,6
5375,8
5376,7
5377,8
5378,8
5379,7
5380,8
5381,8
5382,7
5383,6
5384,7
5385,7
5386,6
5387,8
5388,6
5389,8
5390,7
5391,7
5392,7
5393,8
5394,8
5395,8
5396,7
5397,5
5398,4
5399,7
5400,7
5401,6
5402,7
5403,6
5404,6
5405,7
5406,6
5407,2
5408,7
5409,6
5410,7
5411,7
5412,7
5413,5
5414,7
5415,6
5416,5
5417,6
5418,5
5419,4
5420,6
5421,5
5422,5
5423,6
5424,6
5425,6
5426,10
5427,10
5428,10
5429,10
5430,7
5431,7
5432,8
5433,6
5434,6
5435,6
5436,4
5437,7
5438,6
5439,8
5440,7
5441,7
5442,8
5443,8
5444,8
5445,8
5446,4
5447,6
5448,6
5449,10
5450,8
5451,8
5452,7
5453,9
5454,7
5455,6
5456,7
5457,9
5458,9
5459,9
5460,8
5461,9
5462,8
5463,9
5464,8
5465,8
5466,9
5467,9
5468,5
5469,7
5470,6
5471,6
5472,8
5473,4
5474,5
5475,9
5476,10
5477,8
5478,10
5479,7
5480,8
5481,8
5482,8
5483,10
5484,8
5485,8
5486,8
5487,8
5488,10
5489,8
5490,8
5491,10
5492,10
5493,5
5494,8
5495,8
5496,6
5497,7
5498,8
5499,7
5500,9
5501,7
5502,8
5503,7
5504,9
5505,7
5506,8
5507,7
5508,8
5509,7
5510,6
5511,6
5512,8
5513,7
5514,8
5515,8
5516,8
5517,7
5518,8
5519,8
5520,7
5521,7
5522,8
5523,7
5524,7
5525,8
5526,5
5527,8
5528,8
5529,7
5530,7
5531,8
5532,8
5533,7
5534,9
5535,8
5536,6
5537,8
5538,9
5539,9
5540,7
5541,8
5542,9
5543,7
5544,7
5545,7
5546,6
5547,6
5548,7
5549,7
5550,7
5551,7
5552,5
5553,6
5554,7
5555,7
5556,5
5557,5
5558,8
5559,8
5560,6
5561,6
5562,7
5563,6
5564,7
5565,8
5566,8
5567,7
5568,5
5569,3
5570,8
5571,7
5572,5
5573,7
5574,7
5575,5
5576,6
5577,7
5578,3
5579,4
5580,5
5581,6
5582,6
5583,6
5584,6
5585,6
5586,10
5587,10
5588,10
5589,5
5590,5
5591,6
5592,6
5593,6
5594,7
5595,6
5596,7
5597,8
5598,7
5599,6
5600,8
5601,7
5602,7
5603,8
5604,8
5605,8
5606,6
5607,6
5608,7
5609,9
5610,7
5611,7
5612,7
5613,5
5614,4
5615,5
5616,4
5617,5
5618,5
5619,4
5620,4
5621,4
5622,4
5623,3
5624,4
5625,3
5626,8
5627,8
5628,8
5629,9
5630,9
5631,10
5632,8
5633,8
5634,7
5635,7
5636,8
5637,8
5638,8
5639,8
5640,4
5641,6
5642,6
5643,10
5644,10
5645,6
5646,6
5647,5
5648,4
5649,6
5650,7
5651,5
5652,4
5653,7
5654,6
5655,3
5656,5
5657,5
5658,4
5659,6
5660,6
5661,4
5662,6
5663,6
5664,7
5665,7
5666,7
5667,5
5668,7
5669,8
5670,7
5671,7
5672,7
5673,7
5674,9
5675,9
5676,9
